{
    "AQE": {
        "AQE101": {
            "Description": "Ensure Torque value of 100N on operation 1.3.4",
            "Status": "OPEN"
        },
        "AQE102": {
            "Description": "Use zip gun to ensure safe tie ends.",
            "Status": "OPEN"
        },
        "AQE103": {
            "Description": "Damanged paint and bent angle on fender 123-4567",
            "Status": "OPEN"
        },
        "AQE104": {
            "Description": "Plate is 2mm thinner than engineering drawing.",
            "Status": "OPEN"
        }
    },
    "BIQ": {},
    "CPI": {},
    "DEV": {
        "DEV101": {
            "Description": "Use Bolt AS 1X-1234 in place of Bolt AS 2X-1234. qty 4",
            "Status": "OPEN"
        },
        "DEV102": {
            "Description": "Operation 3.4.2 use torque gun at 100N/m.",
            "Status": "OPEN"
        }
    }
}